id,Product Name,Flipkart Price,Snapdeal Price,Infibeam Price,Croma Price,Shopclues Price,Paytmmall Price
1,"LG 6.2 kg Inverter Fully Automatic Top Load Washing Machine White, Silver  (T7269NDDL)",15490,0,0,0,0,0
2,LG 6.5 kg Inverter Fully Automatic Top Load Washing Machine Silver  (T7569NDDLH.ASFPEIL),16999,0,0,0,0,0
3,LG 8 kg Semi Automatic Top Load Washing Machine Blue  (P9037R3SM),13199,0,0,0,0,0
4,LG 7 kg Semi Automatic Top Load Washing Machine Blue  (P8071N3FA),10990,0,0,0,0,0
5,LG 6.5 kg Semi Automatic Top Load Washing Machine Grey  (P7550R3FA),10199,0,0,0,0,0
6,LG 6.5 kg Inverter Fully Automatic Top Load Washing Machine Silver  (T7581NDDLG),18499,0,0,0,0,0
7,LG 7 kg Semi Automatic Top Load Washing Machine Maroon  (P8053R3SA),11399,0,0,0,0,0
8,LG 8 kg Inverter Fully Automatic Front Load Washing Machine with In-built Heater Silver  (FH2G6TDNL42),33499,0,0,0,0,0
9,LG 6 kg Inverter Fully Automatic Front Load Washing Machine with In-built Heater White  (FH0FANDNL02),23990,0,0,0,0,0
10,"LG 6.2 kg Inverter Fully Automatic Top Load Washing Machine Silver, Blue  (T7288NDDLGD)",16499,0,0,0,0,0
11,LG 7 kg Inverter Fully Automatic Top Load Washing Machine Silver  (T8081NEDLJ),21899,0,0,0,0,0
12,LG 6.5 kg Semi Automatic Top Load Washing Machine Maroon  (P7559R3FA),10499,0,0,0,0,0
13,LG 6 kg Fully Automatic Front Load Washing Machine with In-built Heater White  (FH0H3NDNL02),24999,0,0,0,0,0
14,LG 8 kg Inverter Fully Automatic Top Load Washing Machine Silver  (T9077NEDL1),26990,0,0,0,0,0
15,LG 7 kg Inverter Fully Automatic Front Load Washing Machine with In-built Heater White  (FH0G7QDNL02),27999,0,0,0,0,0
16,"LG 7.5 kg Semi Automatic Top Load Washing Machine White, Maroon  (P8541R3SA)",12499,0,0,0,0,0
17,LG 8.5 kg Semi Automatic Top Load Washing Machine Grey  (P9560R3FA),13999,0,0,0,0,0
18,LG 8 kg Semi Automatic Top Load Washing Machine Grey  (P9039R3SM),13199,0,0,0,0,0
19,LG 9.5 kg Semi Automatic Top Load Washing Machine Purple  (P1565R3SA),15499,0,0,0,0,0
20,LG 6.5 kg Inverter Fully Automatic Front Load Washing Machine with In-built Heater Silver  (FHT1065SNL),30990,0,0,0,0,0
21,LG 6 kg Inverter Fully Automatic Front Load Washing Machine with In-built Heater White  (FHT1006SNW),28999,0,0,0,0,0
22,LG 7 kg Inverter Fully Automatic Front Load Washing Machine with In-built Heater Silver  (FH2G6HDNL42),30990,0,0,0,0,0
23,LG 6.2 kg Fully Automatic Top Load Washing Machine White  (T7288NDDL),16099,0,0,0,0,0
24,LG 6.5 kg Inverter Fully Automatic Front Load Washing Machine with In-built Heater White  (FHT1065SNW),28999,0,0,0,0,0
25,LG 7.5 Kg P8541R3SA Semi Automatic Semi Automatic Top Load Washing Machine,0,  13429,0,0,0,0
26,L.G 6.5 Kg T7581NDDLG Fully Automatic Washer Washing Machine,0,  21990,0,0,0,0
27,LG 6.5 Kg P7550R3FA Semi Automatic Semi Automatic Top Load Washing Machine,0,  11300,0,0,0,0
28,LG 8 Kg FHT1208SWL Fully Automatic Fully Automatic Front Load Washing Machine,0,  41850,0,0,0,0
29,LG 7 Kg FHT1207SWL Fully Automatic Fully Automatic Front Load Washing Machine,0,  38600,0,0,0,0
30,LG 8 Kg P9037R3SM Semi Automatic Semi Automatic Top Load Washing Machine,0,  14389,0,0,0,0
31,LG 8 Kg P9039R3SM Semi Automatic Top Load Washing Machine,0,  13982,0,0,0,0
32,LG 8 Kg P9032R3SM Semi Automatic Top Load Washing Machine Burgundy,0,  13600,0,0,0,0
33,L.G 7.5 Kg P8537R3SA Semi Automatic Washer Washing Machine,0,  13600,0,0,0,0
34,LG 6 Kg FH0H3NDNL02 Fully Automatic Fully Automatic Front Load Washing Machine,0,  25690,0,0,0,0
35,LG Above 8 T9577 TEELJ Fully Automatic Fully Automatic Top Load Washing Machine Middle Free Silver,0,  32704,0,0,0,0
36,L.G 7 Kg T8081NEDLK Fully Automatic Washer Washing Machine,0,  26430,0,0,0,0
37,LG 7 Kg T8077NEDlJ  Fully Automatic Fully Automatic Top Load Washing Machine,0,  23750,0,0,0,0
38,LG 6.2 Kg T7288NDDLG Fully Automatic Fully Automatic Top Load Washing Machine,0,  18100,0,0,0,0
39,LG 7 Kg T8081NEDLK Fully Automatic Fully Automatic Top Load Washing Machine,0,  26231,0,0,0,0
40,LG Above 8 FH 496 TDL 24 Fully Automatic Front Load Washing Machine Silver,0,  45190,0,0,0,0
41,LG 6.5 Kg T7567NEDLH Fully Automatic Fully Automatic Top Load Washing Machine,0,  21500,0,0,0,0
42,LG 6.5 Kg T7581NEDLZ Fully Automatic Fully Automatic Top Load Washing Machine,0,  21999,0,0,0,0
43,LG 8 Kg T9077NEDLK Fully Automatic Fully Automatic Top Load Washing Machine,0,  29210,0,0,0,0
44,LG 6.5 Kg T7581NEDL8 Fully Automatic Fully Automatic Top Load Washing Machine,0,  24090,0,0,0,0
45,LG 8.5 Kg Top Toad Washing Machine P9562R3SA,0,0, 16844,0,0,0
46,LG 9.5 Kg Semi-automatic Top-loading Washing Machine P1515R3SA,0,0, 18394,0,0,0
47,LG P9039R3SM 8 kg Top Load Washing Machine,0,0, 14698,0,0,0
48,LG P1062R3SA 9 kg Top Load Washing Machine,0,0, 17459,0,0,0
49,LG P9042R3SM 8 kg Top Load Washing Machine,0,0, 15771,0,0,0
50,LG P8541R3SA 7.5 Kg Top Load Washing Machine,0,0, 14000,0,0,0
51,LG P9563R3FA 8.5 Kg Top Load Washing Machine,0,0, 16290,0,0,0
52,"Samsung Washing Machine WA75H4020HP/TL, multicolor",0,0, 29190,0,0,0
53,"Samsung Washing Machine WA90J5730SS/TL, multicolor",0,0, 34600,0,0,0
54,"Samsung Washing Machine WW75J5410GS/TL, multicolor",0,0, 44590,0,0,0
55,"Samsung Washing Machine WW70J5210IW/TL, multicolor",0,0, 41890,0,0,0
56,"Samsung Washing Machine WF600B0BTWQ/TL, multicolor",0,0, 27050,0,0,0
57,"Samsung Washing Machine WF652U2BHWQ/TL, multicolor",0,0, 34125,0,0,0
58,"Samsung Washing Machine WA65H4300HA/TL, multicolor",0,0, 20090,0,0,0
59,Whirlpool SERACCWM064 /65 Washing Machine Cover Generic,0,0, 450,0,0,0
60,LG 49LJ617T 49 Inches Full HD Flat LED TV,0,0, 66567,0,0,0
61,LG G5 Titan,0,0, 40990,0,0,0
62,LG L Bello (Black White),0,0, 18500,0,0,0
63,LG GL-D221APZW 215 L Single Door Refrigerator,0,0, 19048,0,0,0
64,"LG 9 kg Fully Automatic Top Loading Washing Machine (T1077NEDL5.ASSPEIL, Stainless Steel)",0,0,0,35711.0,0,0
65,"LG 6.2 kg Fully Automatic Top Loading Washing Machine (T7288NDDLG, Silver)",0,0,0,17849.0,0,0
66,"LG 6.2 kg Fully Automatic Top Loading Washing Machine (T7288NDDL, Blue White)",0,0,0,16499.0,0,0
67,"LG 9/5 kg Fully Automatic Front Loading Washing Machine (F4J8VHP2SD, Stainless Steel)",0,0,0,70990.0,0,0
68,"LG 6 kg Fully Automatic Front Loading Washing Machine (FHT1006SNW, Blue White)",0,0,0,26999.0,0,0
69,"LG 6.5 kg Fully Automatic Front Loading Washing Machine (FHT1065SNL, Luxury Silver)",0,0,0,33999.0,0,0
70,LG 6.5 kg Fully Automatic Front Loading Washing Machine (FHT1065SNW),0,0,0,31299.0,0,0
71,"LG 8 kg Fully Automatic Front Loading Washing Machine (FHT1208SWW, Blue White)",0,0,0,38699.0,0,0
72,"LG 7 kg Fully Automatic Front Loading Washing Machine (FHT1207SWL, Luxury Silver)",0,0,0,41490.0,0,0
73,"LG 7 kg Fully Automatic Front Loading Washing Machine (FHT1007SNWABWPEIL, Blue)",0,0,0,35899.0,0,0
74,"LG 8 kg Fully Automatic Front Loading Washing Machine (FHT1408SWW, Blue White)",0,0,0,42799.0,0,0
75,"LG 8 kg Fully Automatic Front Loading Washing Machine (FHT1408SWLASSPEIL, Stainless Steel)",0,0,0,51990.0,0,0
76,"LG 7 kg Fully Automatic Front Loading Washing Machine (FHT1007SNL, Luxury Silver)",0,0,0,41490.0,0,0
77,"LG 9 kg Fully Automatic Front Loading Washing Machine (FHT1409SWSASSPEIL, Stainless Steel)",0,0,0,52490.0,0,0
78,"LG 8 kg Fully Automatic Front Loading Washing Machine (FHT1208SWL, Luxury Silver)",0,0,0,38999.0,0,0
79,"LG 7 kg Fully Automatic Top Loading Washing Machine (T8077NEDLJ, Silver)",0,0,0,25990.0,0,0
80,"LG 6.5 kg Fully Automatic Front Loading Washing Machine (FH0G7WDNL52, Silver)",0,0,0,30994.0,0,0
81,"LG 12/8 kg Fully Automatic Front Loading Twin Wash Washing Machine (FH6G1BCHK6N/F8K5XNK4, Stainless Steel)",0,0,0,143999.0,0,0
82,"LG 10 kg Fully Automatic Top Loading Washing Machine (T1084WFES5A, Stainless Steel)",0,0,0,40419.0,0,0
83,"LG 9 kg Fully Automatic Top Loading Washing Machine (T1084WFES6, Silver)",0,0,0,41990.0,0,0
84,E-LG W/M TL 7KG T8081NEDL1 SLV,0,0,0,24713.0,0,0
85,E-LG W/M TL 7KG T8081NEDLK BLK,0,0,0,27444.0,0,0
86,LG W/M TL 7KG T8081NEDLJ SLV,0,0,0,21999.0,0,0
87,"LG 6.5 kg Fully Automatic Top Loading Washing Machine (T7581NEDLK, Black)",0,0,0,22279.0,0,0
88,LG 6.5 Kg T7567TEDLH Fully Automatic Top Load Washing Machine - Silver,0,0,0,0,22990                                             ,0
89,"LG T72CMG22P Fully Automatic Top-loading Washing Machine (6.2 Kg, Cool Grey)",0,0,0,0,19190                                             ,0
90,LG 6.2 Kg Top Load Fully Automatic Washing Machine - T7208TDDLP (Available in Delhi NCR Only ),0,0,0,0,17790                                             ,0
91,LG 6 kg Front Load Fully Automatic Washing Machine - FH0B8NDL22,0,0,0,0,29490                                             ,0
92,LG 10.5 Kg Front Load Fully Automatic Washing Machine - FH4U1JBSK4,0,0,0,0,66990                                             ,0
93,LG 6 kg Front Load Fully Automatic Washing Machine - FH0B8WDL2 (Available in Delhi NCR Only ),0,0,0,0,35990                                             ,0
94,LG T8567TEELK Top Load Washing Machines,0,0,0,0,28190                                             ,0
95,LG T9003TEELR 8 Kg. Top Load Fully Automatic Washing Machine (Available in Delhi NCR Only ),0,0,0,0,29690                                             ,0
96,Lg 7 Kg Top Load Fully Automatic Washing Machine - T8068Teelk,0,0,0,0,28990                                             ,0
97,LG T8067TEDLH 7.0 KG Top Load Fully Automatic Washing Machine - MIDDLE FREE SILVER/ DEEP BROWN (Available in Delhi NCR Only ),0,0,0,0,24290                                             ,0
98,LG 6 kg Front Load Fully Automatic Washing Machine - FH0B8NDL2,0,0,0,0,30790.00                                             ,0
99,LG 6.5 Kg Front Load Fully Automatic Washing Machine - FH096WDL24,0,0,0,0,36790.00                                             ,0
100,"LG 8 Kg Semi Automatic Top Load Washing Machine (P9039R3SM, Dark Grey)",0,0,0,0,0,13620
101,"LG 6.5 Kg Semi Automatic Top Load Washing Machine (P7550R3FA, Dark Gray)",0,0,0,0,0,9990
102,"LG 10 Kg Fully Automatic Top Load  Washing Machine (T1084WFES5A,Stainless Silver)",0,0,0,0,0,37363
103,"LG 9.0 kg Semi-Automatic Top Loading Washing Machine (P1064R3SA, Dark Gray)",0,0,0,0,0,15800
104,"LG 6.5 kg Fully-Automatic Top Loading Washing Machine (T7581NDDLG, Middle Free Silver)",0,0,0,0,0,19474
105,"LG 7.5 Kg Semi Automatic Top Load Washing Machine (P8541R3SA, Burgundy)",0,0,0,0,0,13200
106,"LG 6.5 Kg Semi Automatic Top Load Washing Machine (P7559R3FA, Burgundy)",0,0,0,0,0,11090
107,"LG 6.5 Kg Fully Automatic Top Load Washing Machine (T7577NEDLK, Black Knight)",0,0,0,0,0,25200
108,"LG 7 Kg Semi Automatic Top Load Washing Machine (P8073R3FA, Burgundy)",0,0,0,0,0,11390
109,"LG 7KG Fully Automatic Washing Machine (FHT1207SWL,Silver)",0,0,0,0,0,35200
110,LG 6.2 Kg Fully Automatic Top Load Washing Machine (T7281NDDL),0,0,0,0,0,16370
111,"LG 8.5 kg Semi-Automatic Top Loading Washing Machine (P9560R3FA, Dark Grey)",0,0,0,0,0,14890
112,"LG 7 Kg Fully Automatic Top Load Washing Machine (T8077NEDLX, New Florid Red Pattern + Burgundy)",0,0,0,0,0,27990
113,"LG 7 Kg Semi Automatic Top Load Washing Machine (P8071N3FA, Dark Blue)",0,0,0,0,0,10540
114,"LG 9 Kg Fully Automatic Top Load  Washing Machine (FHT1409SWS,STS-VCM)",0,0,0,0,0,46360
115,"LG 6.5KG Fully Automatic Washing Machine (FHT1065SNL,Silver)",0,0,0,0,0,31639
116,"LG 8 Kg Fully Automatic Top Load Washing Machine (T9077NEDLK, Black Knight/Black)",0,0,0,0,0,27539
117,"LG 7.5 Kg Semi Automatic Top Load Washing Machine (P8537R3SA, Mauve)",0,0,0,0,0,12700
118,"LG 7 Kg Fully Automatic Top Load Washing Machine (T8081NEDLJ, Middle Free Silver)",0,0,0,0,0,23290
119,"LG 10.0 kg Semi-Automatic Top Loading Washing Machine (P2065R3SA, Burgundy)",0,0,0,0,0,16000
120,LG 7 Kg Fully Automatic Top Load Washing Machine (T8081NEDL1),0,0,0,0,0,20490
121,"LG 6 Kg Fully Automatic Front Load Washing Machine (FH0H3NDNL02, White)",0,0,0,0,0,24490
122,"LG 8 Kg Semi Automatic Top Load Washing Machine (P9037R3SM, Dark Blue)",0,0,0,0,0,13190
123,"LG 7 Kg Semi Automatic Top Load Washing Machine (P8053R3SA, Burgundy)",0,0,0,0,0,11990
124,"LG 8 Kg Fully Automatic Front Loading Washing Machine (FHT1208SWL, Silver)",0,0,0,0,0,37567
125,"LG 8 Kg Fully Automatic Top Load Washing Machine (T9077NEDL1, Free Silver/Wine Black)",0,0,0,0,0,26294
126,"LG 6.2 Kg Fully Automatic Top Load Washing Machine (T7269NDDL, Blue white/Middle free silver)",0,0,0,0,0,16655
127,"LG 7 Kg Fully Automatic Front Load Washing Machine (FH2G6HDNL42, Luxury Silver)",0,0,0,0,0,32990
128,LG FHT1207SWW Front Loading Washing Machine (Silver),0,0,0,0,0,34840
129,LG Fully Automatic Front Load Washing Machine FHT1006HNW Blue;White,0,0,0,0,0,27490
