"Product is very good 4 stars for it,But worst service by Jeeves, not even 1 star for it."
ADVANCE SMART PRODUCT (LG)  VERY NICE BY KARTHIKEYAN
best purchase. m so happy and my mom is happy too.
"Product is good, timely got delivered,but worst experience with delivery boy, very irritatinghe thrown the item out of the gate.Once I request to keep the order inside home.he started to speak in loud tone and arguing with my parents (senior citizen). and not kept item inside.just because of this I want return this product and will not buy anything from flipkart in future."
"best product at low price, water consuming, washing cloths very clean, better than other washing machine"
Nice and noiceless. deievery and installation on time
"Excellent product, go for it without any doubt"
"Initially I was a bit skeptical, about ordering the product online,but the discount given by Flipkart gave me the courage to take the risk, n I got it for 30k.So money wise , I was happy.Now coming to the quality of the product, the machine was delivered without any scratches, on the slotted schedule.The delivery guys were polite enough to lift the machine to my floor.No sooner had the product reached my place, I got a call from the LG technician, and within half an hour, the technician wa..."
In  flipkart the power consumption is 790W bt in the machine the power consumption is 1700W ...which one is correct...y flipkart was gave this type of wrong information...
pathetic behavior of the logistics guys.Didn't took away old machine even though it was meeting the exchange criteria behaves themselves as if they r whole and sole of Flipkartworst experience of big billion day making fools of people under banner of stars
super experience...less noise than other brands..short program.. attractive body..easy installation..best price ever..must buy for first user..
Good Product and great exchange price and Cashback offers also.  Better prices than open market.
"I bought it during Dashera..simply superb..demo, installation done free of cost..cleaning quality wonderful.. I purposefully used soiled clothes ..but washing was no inferior than human wash..fully satisfied"
i am satisfied
"Writting this review just to highlight some odd points when someone is switching from Top Load Fully Automatic Washing Machine to Front Load Fully Automatic Washing Machine.This LG 7Kg Fully Automatic Front Load Washing Machine is Really Very Good From all Aspects. Washing Quality, Features, Looks, Ease of Use, etc.Now Some Odd Points are as Follows:1. Power button is exeption for Child Lock function. So if you are near to washing machine while it is functional and by mistake a slight to..."
Good
nice product
"Partially Disappointed   My LG 8 Kg capacity product is very nice.  Flipkart creates big confusion,  Flipkart given wrong information  about  product details e.i. Weight show 38 kg by Flipkart but on real product details show 27 kg. Similarly Flipkart show 360 waltage but really it's found 410 waltage.  Even LG Customer care,  Flipkart customer care and seller not given right information when I call him. Then finally I go to LG Showroom and take all information about product. I west by three ..."
very good machine .
washing machine is so good and it working nice and we are so happy with this washing machine
The product was delivered on time but the installation was not completed because of water connection. Later when the problem was solved the installation person refused to come to complete the installation.He was more interested in selling the accessories he brought than to complete the installation. Now there is some problem with the machine and I trying to call the customer care number. I don't know when they respond.
This Model number is the best
"Flipkart is just horible...i would recommend to never buy big electronics from here... First i ordered refrigerator i received a completely damaged product..from outside the body is moulded or i can say its damaged...Due to short of time was unable to examine the product and i accepted..later on when i just couldnt do anything as replacement time was gone... But it is now cleared that flipkart is good for nothing, now when i ordered a LG washing machine, fully automatic, i received a damaged..."
One of the Four Washing machine leg was missing in the box. Because of that heavy vibration during wash cycle. Complained to the Flipkart CC. But no use.
